{"cameraMode":{"drawMode":0,"name":"Shaded","section":"Shading Mode"},"sceneLighting":true,"audioPlay":false,"sceneViewState":{"m_AlwaysRefresh":false,"showFog":true,"showSkybox":true,"showFlares":true,"showImageEffects":true,"showParticleSystems":true,"showVisualEffectGraphs":true,"m_FxEnabled":true},"in2DMode":false,"pivot":{"x":72.28604125976563,"y":30.908069610595704,"z":28.011571884155275},"rotation":{"x":0.10454824566841126,"y":-0.7949018478393555,"z":0.14328831434249879,"w":0.5803225636482239},"size":0.009570878930389882,"orthographic":false}