{"cameraMode":{"drawMode":0,"name":"Shaded","section":"Shading Mode"},"sceneLighting":true,"audioPlay":false,"sceneViewState":{"m_AlwaysRefresh":false,"showFog":true,"showSkybox":true,"showFlares":true,"showImageEffects":true,"showParticleSystems":true,"showVisualEffectGraphs":true,"m_FxEnabled":true},"in2DMode":false,"pivot":{"x":136.41107177734376,"y":49.448551177978519,"z":-302.8263854980469},"rotation":{"x":-0.11699330061674118,"y":0.23596514761447907,"z":-0.02910180576145649,"w":-0.9646362662315369},"size":0.5464674234390259,"orthographic":false}